finalUrl,sourceUrl,status,title,metaDescription,h1,h1AllJoined,h2Count,h2AllJoined,canonical,robots,internalLinkCount,outboundLinkCount,outboundDomains,hasVisibleCta,hasVisibleOutboundCta,hasLikelyAffiliateLink,hasPricingText,hasRecommendationBlock,isCommercial,visuallyBare,bareSignalCount,bodyTextLength,sectionCount,tableCount,firstCtaText,ctaTexts,hasJsonLd,jsonLdCount,timingMs,screenshotFull,screenshotFold,error
https://overpayingforai.com/,,200,Overpaying for AI Tools? Compare Pricing and Cut Your Monthly Cost,"Compare AI pricing, estimate monthly savings, and find the best-value AI setup without harming quality.",Stop wasting money on AI. Get your cheapest viable setup.,Stop wasting money on AI. Get your cheapest viable setup.,18,Start here | Most useful next steps | Find the cheapest model for your use case | Stop guessing. Start calculating. | Check your monthly spend | What teams actually save | Find the right model for you | Popular comparisons | Pricing you can trust | Learn to spend less | Common questions | Find out what you're actually paying. | Who is this for? | When NOT to use this | Pricing insights | Alternatives to consider | Final verdict | FUNNEL PAGES,https://overpayingforai.com/,,37,1,www.linkedin.com,true,false,false,true,true,true,false,1,10425,16,0,Calculate Cost,"Calculate Cost | Compare Models | AI cost calculator

Estimate your monthly spend and find your cheaper setup. | Compare major tools

See direct price and use-case tradeoffs side by side. | Calculate your cost → | Find my cheapest stack | View all pricing data → | Check your spend now → | Compare Major Tools | Pricing Data | Pricing Changelog | Claude vs GPT-4o cost

Our highest-intent comparison for quick pricing decisions. | Best overall
Claude 3.5 Sonnet

Anthropic · $3 / 1M out tokens

Near-GPT-4o quality at a fraction of the cost. The safest default upgrade path for most teams.

Start with this option | Best for coding
Claude 3.5 Sonnet

Anthropic · $3 / 1M out tokens

Strong code generation and reasoning. Handles complex refactors better than cheaper models.

Try for coding | 6 min read
Token Cost Explained: What You're Actually Paying For

A plain-English guide to AI tokens, how they're counted, and exactly how to calculate your real costs.

Read guide → | 5 min read
API vs Subscription: How to Choose the Right AI Pricing Model

A decision framework for choosing between AI subscriptions and pay-per-use API access based on your actual usage.

Read guide ",false,0,1424,,,
https://overpayingforai.com/best,,200,Best AI Tools 2025: Cheapest Models Compared | OverpayingForAI,"The definitive guide to the best AI tools in 2025. Compare pricing, quality, and use cases across OpenAI, Anthropic, Google, DeepSeek, and more — and stop overpaying.",The best AI tools — without the overpaying,The best AI tools — without the overpaying,13,"Best starting points | What makes an AI tool ""best""? | The cheapest capable AI models in 2025 | Best AI tools by use case | Ranked picks for every budget | How to choose the right AI tool | Subscription vs API: which is cheaper for you? | Who is this for? | When NOT to use this | Pricing insights | Alternatives to consider | Final verdict | EXPLORE MORE",https://overpayingforai.com/best,,36,1,www.linkedin.com,true,false,false,true,true,true,false,1,9903,13,0,Calculate Cost,"Calculate Cost | Calculate my AI cost → | pricing changelog | Try DeepSeek V3 → | Pricing Data | Pricing Changelog | Top comparison pages

Jump into the largest pricing gaps and quickest savings wins. | Best pages by AI type

Choose by use case and avoid paying for unnecessary model quality. | RESEARCH
Best AI for Research on a Budget (2025)

AI tools that actually help with research — with citations, accuracy, and long-context support — without premium pricing.

See full list →",false,0,1002,,,